{
  "temperature": 1.2949994,
  "steps": 10000,
  "val_log_loss": 1.0003629,
  "base_rate": [
    0.3312007,
    0.3914311,
    0.27736822
  ],
  "material": {
    "w": [
      0.2317125,
      -0.035349358,
      -0.20197068
    ],
    "b": [
      -0.044575695,
      0.14699869,
      -0.21591747
    ],
    "feat_mean": -0.3245766,
    "feat_std": 1.5500321
  }
}